wt_code,name,phone,address,service_date,checked,problem,repair,notes,cost
0001,Kak Perdi,,Jl. Arimbi,2026-01-03,AC/Split/SHARP/SAMSUNG,,Cuci AC 2 Unit Rp 120.000; Tambah Freon AC Sharp Rp 100.000,Data rekap 2026,220000
0002,Yuk Putri,083862116421,Perum Majasari,2026-01-05,AcSplit/PANASONIC/R32,,Borngkar Pasang Rp 200.000; Tambah Freon Rp 200.000,Data rekap 2026,400000
0003,Bik Yus,,Bakaran,2026-01-05,Kulkas/LG/DuaPintu,,Isi Tabung Freon R32 1kg; Heater Kulkas Rp 85.000; Jasa Pergantian,Data rekap 2026,150000
0004,Yuk Yani,0895803194291,Jl. Arimbi,2026-01-05,,Pengecekan Raket Nyamuk,,Data rekap 2026,10000
0005,Pak Lani,08985386442,Jl. Cahaya Pelangi Padat Karya,2026-01-05,Mesin Cuci/SHARP/Dua Tabung,,Dinamo Wash Rp 320.000,Data rekap 2026,350000
0006,Yuk Dara,,Cahaya Pelangi Padat Karya,2026-01-10,Magicom/MIYAKO,,Pergantian Heater Tutup,Data rekap 2026,20000
0007,Cek Rina,,Bakaran,2026-01-12,Speaker,,Set Modul Blueth Speaker Mic; Modul Speaker Rp 80.000,Data rekap 2026,180000
0008,Bunda Eneng,08561019846,Cahaya Pelangi Padat Karya,2026-01-17,Magicom,,Sambung Kabel Warm Tutup,Data rekap 2026,15000
0009,Yuk Novi,,Cahaya Pelagi Padat Karya,2026-01-17,Setrika,,Pergantian Kabel Listrik Setrika,Data rekap 2026,30000
0005,Pak Lani,08985386442,Cahaya Pelagi Padat Karya,2026-01-17,Magicom,,Pergantian Fuse Magicom,Data rekap 2026,20000
0010,Masjid Nurul Islam,,Bakaran,2026-01-22,Ac/Split/Panasonic,,Cleaning Ac Kode B1 & C1; Timer Wash; Tali Katup,Data rekap 2026,100000
0011,Kak Randi,,GPI 2 Padat Karya Blok CC12,2026-01-24,Mesin Cuci/LG/Dua Tabung,,Jasa Oprasional,Data rekap 2026,160000
0012,Ayu,083862116421,Bakaran,2025-01-31,Mesin Cuci/LG/Dua Tabung,,Kapasitor Rp 50.000; Jasa Oprasional Rp 100.000,Data rekap 2026,135000
0013,Yuk Santi,,Grand Musindo Blok A02,2026-02-04,Mesin Cuci/SHARP/Dua Tabung,,Jasa Oprasional Pemasangan; Dinamo Spin; Seal Pengering,Data rekap 2026,75000
0014,Cek Wiwin,,Dekat Sabian Cell Karang Raja,2026-02-06,Kulkas/SHARP/SatuPintu,,Las Kebocoran Kondensor; Filter Kulkas; Freon R134,Data rekap 2026,300000
0015,Tante Ital,,Talang Minang,2026-02-08,Kulkas/LG/Satu Pintu,,Bongkar Pasang Mesin Kulkas; Overload,Data rekap 2026,200000
0016,Pak Harry,082257002003,Talang Sako Sukajadi,2026-02-09,AC/Split/SHARP/1/2PK,,Jasa Cuci AC Split,Data rekap 2026,60000
0017,Kak Didin,081366504647,Tanjung Raman,2026-02-09,Kulkas/LG/DuaPintu,,Pemberian Timah Las Kebocoran; Pergantian Filter Kulkas; Pengisian Freon R134a; Jasa Perbaikan,Data rekap 2026,300000
0018,MNI,081272809844,Bakaran,2026-02-09,Mesin Cuci/SHARP/Dua Tabung,,Timer Wash; Tali Katup,Data rekap 2026,100000
0019,Kak Aji,0895706494093,Jl. Arimbi,2026-02-10,Kipas Angin,,Lilit Ulang Dinamo Kipas Angin,Data rekap 2026,60000
0020,Agus,085340513856,Bakaran,2026-02-12,Pompa Air,,Jual Pompa Air Bekas Shimizu,Data rekap 2026,200000
0021,Yuk dewi,085735401714,Jl. Cahaya Pelangi C2,2026-02-12,AC/Split/SHARP/SAMSUNG,,Jasa Service Cuci AC,Data rekap 2026,60000
0022,Yuk Dewi,085735401714,Jl. Cahaya Pelangi C2,2026-02-12,Magicom/MIYAKO,,Pergantian Termostat,Data rekap 2026,35000
0005,Pak Lani,08985386442,Jl. Cahaya Pelangi Padat Karya,2026-02-12,Kulkas/SHARP/DuaPintu,,Pergantian Defrost; Fuse Kulkas; Timer Defrost,Data rekap 2026,200000
0023,Bik Amoy,082377471945,Bakaran Depan Rumah,2026-02-12,Setrika/MIYAKO,,Bongkar Pasang Kabel Flexibel Setrika,Data rekap 2026,15000
0024,Kak Sefri,081373234885,Tanjung Raman Belakang Balai LDII,2026-02-13,AC/Split/SHARP/R32,,Tambah Freon R32; Jasa Cuci AC,Data rekap 2026,160000
0022,Yuk Dewi,085735401714,Jl. Cahaya Pelangi C2,2026-02-15,Kulkas/SHARP/DuaPintu,,Jasa Perbaikan Kebocoran Freon; Pengisian Freon R134a; Pergantian Filter,Data rekap 2026,300000
0005,Pak Lani,08985386442,Jl. Cahaya Pelangi Padat Karya,2026-02-16,Kipas Angin,,Bongkar Pasang Spul Dinamo,Data rekap 2026,45000
0023,Bik Amoy,082377471945,Bakaran Depan Rumah,2026-02-16,Mesin Cuci/POLYTRON/1Tabung,,Jasa Pengecekan Mesin Cuci,Data rekap 2026,30000
0016,Pak Harry,082257002003,Talang Sako Sukajadi,2026-02-18,Kulkas/POLYTRON/1Pintu,,Pemberian Timah Las Kebocoran; Pergantian Filter Kulkas; Pengisian Freon R134a; Jasa Perbaikan,Data rekap 2026,300000
0008,Bunda Eneng,08561019846,Cahaya Pelangi Padat Karya,2026-02-19,Kulkas/LG/1Pintu,,Pengisian Freon R134a; Pergantian Filter Kulkas,Data rekap 2026,250000
0016,Pak Harry,082257002003,Talang Sako Sukajadi,2026-02-20,AC/Split/SHARP/1/2PK,,Tambah Freon R32,Data rekap 2026,100000
0025,Kak Hadi,081273130916,Duren 135E,2026-02-20,AC/Split/PANASONIC/R22,,Tambah Freon R22; Jasa Cuci AC,Data rekap 2026,160000
0022,Yuk Dewi,085735401714,Jl. Cahaya Pelangi C2,2026-02-20,Kipas Angin/KOSMOS,,Pergantian Kapasitor Kipas,Data rekap 2026,35000
0022,Yuk Dewi,085735401714,Jl. Cahaya Pelangi C2,2026-02-20,Magicom/MIYAKO,,Pergantian Termostat,Data rekap 2026,35000
0022,Yuk Dewi,085735401714,Jl. Cahaya Pelangi C2,2026-02-21,Mesin Cuci/SHARP/1Tabung,,Jasa Pengecekan Mesin Cuci,Data rekap 2026,30000
0026,Yuk Bunga,082258388668,Bakaran,2026-02-21,Kipas Angin/KOSMOS,,Bongkar Pasang Spul Dinamo,Data rekap 2026,45000
0027,Kak Hervin,082178333132,City Mall,2026-02-22,Kulkas/SANKEN/1Pintu,,Pemberian Timah Las Kebocoran; Pergantian Filter Kulkas; Pengisian Freon R134a,Data rekap 2026,300000
0028,Mr diy,082235563611,Prabujaya,2026-02-22,Vakum Cleaner/DIY,,Pergantian Kabel Power,Data rekap 2026,400000
0029,Kak Dedy,085357298689,C7 GMR,2026-02-23,AC/Split/SHARP/1/2PK,,Jasa Cuci AC Split; Tambah Freon R32,Data rekap 2026,160000
0023,Bik Amoy,082377471945,Bakaran Depan Rumah,2026-02-23,Mesin Cuci/SHARP/Dua Tabung,,Pergantian Timer Spin,Data rekap 2026,85000
0030,Kak Memet Bik Ris,081367422070,B3 GMR,2026-02-24,Kulkas/POLYTRON/2Pintu,,Pergantian Defrost; Fuse Kulkas,Data rekap 2026,180000
0019,Kak Aji,0895706494093,Jl. Arimbi,2026-02-24,Magicom/MIYAKO,,Pergantian Termostat,Data rekap 2026,35000
0005,Pak Lani,08985386442,Jl. Cahaya Pelangi Padat Karya,2026-02-25,AC/Split/PANASONIC/R22,,Jasa Cuci AC Split,Data rekap 2026,60000
0031,Yuk Wulan,08137997307,City Mall,2026-02-25,Mesin Cuci/SHARP/Dua Tabung,,Pergantian Dinamo Spin,Data rekap 2026,300000
0032,Pak Sismono,089670605463,Depan Koprasi Zipur,2026-02-25,Mesin Cuci/LG/1Tabung,,Jasa Perbaikan Modul Mesin Cuci,Data rekap 2026,250000
0017,Kak Didin,081366504647,Tanjung Raman,2026-02-26,Kipas Angin/KOSMOS,,Bongkar Pasang Dinamo Kipas,Data rekap 2026,50000
0005,Pak Lani,08985386442,Jl. Cahaya Pelangi Padat Karya,2026-02-26,TV/LG/24Inch,,Jasa Perbaikan Power Supply TV,Data rekap 2026,150000
0005,Pak Lani,08985386442,Jl. Cahaya Pelangi Padat Karya,2026-02-26,Magicom/MIYAKO,,Pergantian Elemen Pemanas,Data rekap 2026,40000
0030,Kak Memet,081367422070,B3 GMR,2026-02-27,AC/Split/SHARP/1/2PK,,Jasa Cuci AC Split,Data rekap 2026,60000
0033,Kak Riki,085273374527,D7 GMR,2026-02-27,AC/Split/PANASONIC/R32,,Tambah Freon R32; Jasa Cuci AC,Data rekap 2026,160000
0034,Mbak ena,082289679781,Yuk ipar,2026-02-27,Kulkas/LG/2Pintu,,Pergantian Fan Motor Kulkas,Data rekap 2026,175000
0031,Yuk Wulan,08137997307,City Mall,2026-02-28,Kipas Angin,,Pergantian Kapasitor,Data rekap 2026,30000
0005,Pak Lani,08985386442,Jl. Cahaya Pelangi Padat Karya,2026-02-28,Mesin Cuci/SHARP/Dua Tabung,,Pergantian Seal Pengering,Data rekap 2026,75000
0035,Mang Galon,085268019582,Dekat Rumah Ibu,2026-03-01,Pompa Air/SHIMIZU,,Pergantian Kapasitor Pompa,Data rekap 2026,65000
0025,Kak Hadi,081273130916,Duren 135E,2026-03-01,AC/Split/SHARP/R32,,Jasa Cuci AC Split,Data rekap 2026,60000
0025,Kak Hadi,081273130916,Duren 135E,2026-03-01,AC/Split/PANASONIC/R22,,Jasa Cuci AC Split,Data rekap 2026,60000
0005,Pak Lani,08985386442,Jl. Cahaya Pelangi Padat Karya,2026-03-02,AC/Split/SHARP/SAMSUNG,,Jasa Cuci AC Split,Data rekap 2026,60000
0016,Pak Harry,082257002003,Talang Sako Sukajadi,2026-03-02,AC/Split/SHARP/1/2PK,,Jasa Cuci AC Split,Data rekap 2026,60000
0019,Kak Aji,0895706494093,Jl. Arimbi,2026-03-03,Kipas Angin,,Bongkar Pasang Dinamo,Data rekap 2026,45000
0036,Yuk Mika,083130871182,City Mall,2026-03-03,Kulkas/SHARP/1Pintu,,Pengisian Freon R134a; Filter,Data rekap 2026,250000
0037,Kak Adi,082180856332,GMR D2,2026-03-04,AC/Split/SHARP/1/2PK,,Jasa Cuci AC; Tambah Freon,Data rekap 2026,160000
